idx,word,occurrences
0,cant,490
1,delayed,490
2,call,486
3,still,479
4,need,471
5,gate,471
6,bag,465
7,hour,460
8,dont,441
9,got,435
10,Late,425
11,like,413
12,phone,407
13,today,392
14,airline,381
15,guys,366
16,fly,362
17,please,351
18,know,350
19,You,346
20,waiting,341
21,way,328
22,Ive,325
23,No,323
24,day,321
25,Thank,311
26,wait,309
27,hrs,307
28,change,307
29,trying,305
30,airport,302
31,going,300
32,make,296
33,tomorrow,295
34,minutes,293
35,go,291
36,flying,290
37,home,287
38,delay,285
39,weather,284
40,last,283
41,even,273
42,thank,272
43,people,271
44,bags,264
45,seat,263
46,AA,262
47,take,261
48,u,261
49,great,259
50,want,257
51,told,255
52,check,252
53,luggage,252
54,never,245
55,agent,245
56,good,244
57,ticket,243
58,Can,241
59,due,238
60,see,236
61,getting,235
62,email,235
63,number,234
64,work,234
65,another,233
66,really,228
67,travel,228
68,min,227
69,first,225
70,days,225
71,DM,222
72,lost,221
73,Flighted,221
74,someone,220
75,ever,220
76,could,217
77,crew,216
78,next,213
79,We,213
80,new,212
81,much,211
82,How,210
83,baggage,207
84,The,207
85,My,207
86,This,206
87,trip,204
88,response,203
89,two,202
90,seats,198
91,Just,198
92,right,198
93,made,198
94,UA,198
95,What,197
96,experience,197
97,didnt,192
98,United,192
99,online,188
100,love,184
101,let,184
102,passengers,183
103,sitting,182
104,customers,181
105,Please,179
106,staff,178
107,Your,177
108,US,176
109,worst,176
110,Is,175
111,boarding,175
112,sent,174
113,Our,174
114,wont,173
115,better,172
116,book,171
117,long,171
118,Its,171
119,Ill,171
120,said,170
121,times,169
122,line,169
123,Why,168
124,Not,168
125,since,167
126,left,166
127,booked,164
128,already,164
129,doesnt,164
130,sure,164
131,morning,162
132,bad,160
133,well,160
134,A,160
135,give,160
136,yes,159
137,w,159
138,best,158
139,Flightr,157
140,miss,155
141,pm,153
142,find,153
143,tonight,152
144,fleek,151
145,Booking,149
146,use,149
147,reservation,149
148,JFK,149
149,think,148
150,It,148
151,Problems,147
152,issue,147
153,says,146
154,night,145
155,thats,145
156,agents,145
157,connection,145
158,fleets,145
159,stuck,144
160,miles,144
161,website,143
162,But,142
163,refund,142
164,yet,141
165,info,141
166,care,141
167,mins,141
168,system,140
169,hotel,139
170,Now,138
171,put,138
172,nothing,133
173,youre,133
174,delays,133
175,rebooked,132
176,tell,130
177,ago,129
178,And,127
179,pay,126
180,DFW,126
181,rebook,126
182,They,126
183,free,125
184,tickets,124
185,called,122
186,tried,122
187,issues,121
188,anything,120
189,So,118
190,rude,118
191,able,117
192,done,116
193,hr,116
194,hope,114
195,week,113
196,working,112
197,Any,112
198,flt,112
199,checked,112
200,class,111
201,keep,111
202,credit,110
203,follow,110
204,If,110
205,missed,109
206,available,109
207,say,109
208,via,109
209,board,109
210,person,108
211,airlines,107
212,business,106
213,st,104
214,anyone,103
215,leave,102
216,without,102
217,nice,102
218,problem,101
219,helpful,101
220,status,100
221,answer,100
222,missing,100
223,LAX,99
224,understand,99
225,app,99
226,voucher,99
227,making,98
228,Help,98
229,isnt,98
230,planes,98
231,update,98
232,Will,97
233,yesterday,97
234,extra,97
235,havent,96
236,team,96
237,speak,96
238,wifi,96
239,appreciate,96
240,finally,96
241,air,95
242,PHL,95
243,look,95
244,many,95
245,awesome,94
246,name,94
247,upgrade,94
248,every,93
249,whats,93
250,money,93
251,come,92
252,rep,92
253,always,92
254,claim,92
255,send,92
256,RT,91
257,though,91
258,early,90
259,couldnt,90
260,year,90
261,earlier,90
262,bc,90
263,fix,90
264,wasnt,90
265,also,90
266,different,89
267,contact,89
268,open,89
269,departure,89
270,Do,88
271,connecting,88
272,instead,88
273,try,87
274,Thats,87
275,pass,87
276,talk,87
277,JetBlue,87
278,disappointed,86
279,job,86
280,employees,86
281,Cant,85
282,attendant,85
283,something,85
284,site,84
285,supposed,84
286,On,84
287,hung,84
288,pilot,84
289,SFO,83
290,least,83
291,th,83
292,Still,83
293,took,83
294,actually,83
295,ground,83
296,ORD,83
297,amazing,82
298,DCA,82
299,paid,82
300,received,82
301,company,81
302,almost,81
303,Id,80
304,Boston,79
305,looking,79
306,full,79
307,Need,78
308,When,78
309,direct,78
310,happy,78
311,family,78
312,ok,78
313,chance,78
314,weeks,77
315,fail,77
316,add,77
317,Dallas,77
318,show,77
319,old,77
320,Denver,77
321,start,76
322,card,76
323,needs,76
324,DestinationDragons,76
325,calling,75
326,sorry,75
327,stranded,75
328,taking,75
329,tweet,75
330,Chicago,75
331,wrong,74
332,far,74
333,CLT,74
334,food,73
335,reason,73
336,landed,73
337,policy,73
338,snow,73
339,leaving,72
340,Vegas,72
341,enough,72
342,Yes,72
343,terrible,72
344,away,71
345,account,71
346,Have,71
347,poor,71
348,point,71
349,message,71
350,vacation,71
351,ridiculous,71
352,sit,70
353,return,70
354,wife,70
355,half,70
356,Been,70
357,gave,69
358,option,69
359,fee,69
360,yall,69
361,coming,69
362,reply,69
363,Great,69
364,found,69
365,American,69
366,thing,68
367,charge,68
368,little,67
369,U,67
370,together,67
371,desk,67
372,mechanical,67
373,car,67
374,horrible,66
375,past,66
376,stop,65
377,soon,65
378,EWR,65
379,frustrated,65
380,ur,64
381,using,64
382,link,64
383,possible,64
384,kids,64
385,changed,64
386,Really,63
387,Are,63
388,around,63
389,went,63
390,San,63
391,might,63
392,question,63
393,Whats,63
394,broken,63
395,united,63
396,She,62
397,confirmation,62
398,BOS,62
399,saying,62
400,everyone,62
401,reservations,62
402,Was,61
403,destination,61
404,theres,61
405,longer,60
406,offer,60
407,Southwest,60
408,less,60
409,All,59
410,That,59
411,landing,59
412,lot,59
413,Airways,59
414,runway,59
415,things,58
416,NYC,58
417,Thx,58
418,stay,58
419,given,58
420,unacceptable,57
421,worse,57
422,cost,57
423,telling,57
424,hear,57
425,idea,57
426,Charlotte,57
427,three,56
428,Hi,56
429,minute,56
430,Newark,56
431,else,56
432,thru,56
433,asked,56
434,mean,55
435,happened,55
436,IAD,55
437,New,55
438,scheduled,55
439,lack,55
440,used,55
441,attendants,55
442,Twitter,55
443,Dont,54
444,believe,54
445,twice,54
446,big,53
447,nd,53
448,cool,53
449,hard,53
450,assistance,53
451,problems,53
452,checkin,53
453,row,53
454,real,53
455,information,53
456,options,52
457,member,52
458,Never,52
459,calls,52
460,friend,52
461,heard,51
462,points,51
463,DC,51
464,Very,51
465,Good,51
466,Houston,51
467,waited,51
468,life,51
469,traveling,51
470,arrive,51
471,wouldnt,51
472,maintenance,51
473,Well,50
474,AM,50
475,quick,50
476,may,50
477,NOT,50
478,Customer,50
479,terminal,50
480,changes,50
481,reFlight,50
482,arent,50
483,seriously,49
484,arrived,49
485,end,49
486,forward,49
487,na,49
488,YOU,49
489,sucks,49
490,request,49
491,B,49
492,pick,49
493,busy,49
494,process,48
495,Monday,48
496,expect,48
497,loyal,48
498,Airlines,48
499,room,48
500,guess,48
501,feel,47
502,error,47
503,standby,47
504,ask,47
505,reach,47
506,frustrating,47
507,counting,47
508,There,47
509,SWA,47
510,plus,46
511,second,46
512,thx,46
513,checking,46
514,years,46
515,joke,46
516,jetblue,46
517,tarmac,46
518,FLL,46
519,apology,46
520,In,45
521,LGA,45
522,cust,45
523,CEO,45
524,computer,45
525,international,45
526,THE,45
527,asking,45
528,needed,45
529,oh,45
530,deal,44
531,everything,44
532,Love,44
533,paying,44
534,passenger,44
535,pilots,44
536,place,44
537,wanted,44
538,looks,44
539,address,44
540,fees,44
541,Miami,44
542,taken,44
543,form,44
544,complaint,44
545,Air,44
546,awful,44
547,After,43
548,bring,43
549,happens,43
550,provide,43
551,Trying,43
552,updates,43
553,makes,43
554,carry,43
555,empty,43
556,thought,43
557,Also,43
558,whole,43
559,Flighting,43
560,months,43
561,boarded,43
562,run,43
563,weve,43
564,guy,43
565,leg,43
566,SW,43
567,PHX,43
568,Gate,42
569,gt,42
570,lose,42
571,helping,42
572,entire,42
573,Would,42
574,seem,42
575,communication,42
576,happen,42
577,counter,42
578,spent,42
579,Sunday,42
580,award,41
581,seems,41
582,world,41
583,Got,41
584,Philly,41
585,case,41
586,IAH,41
587,sleep,41
588,b,41
589,fault,41
590,Flightlations,41
591,youve,40
592,flew,40
593,friends,40
594,NO,40
595,LA,40
596,human,40
597,buy,40
598,respond,40
599,suck,40
600,drive,40
601,Youre,39
602,pretty,39
603,either,39
604,beyond,39
605,moved,39
606,month,39
607,Were,39
608,Worst,39
609,price,39
610,group,39
611,maybe,39
612,automated,39
613,holding,39
614,im,38
615,correct,38
616,offered,38
617,Had,38
618,First,38
619,upset,38
620,rather,38
621,situation,38
622,Maybe,38
623,sat,38
624,live,38
625,appreciated,38
626,HELP,37
627,At,37
628,fine,37
629,bought,37
630,flown,37
631,Another,37
632,future,37
633,Delayed,37
634,Airport,37
635,figure,37
636,BWI,37
637,Nashville,37
638,following,37
639,hi,36
640,reschedule,36
641,Only,36
642,charged,36
643,shouldnt,36
644,confirmed,36
645,treat,36
646,Get,36
647,hoping,36
648,yr,36
649,connections,36
650,handle,36
651,supervisor,36
652,record,36
653,Tarmac,36
654,date,36
655,switch,36
656,disconnected,36
657,support,35
658,Hey,35
659,city,35
660,customerservice,35
661,easy,35
662,plans,35
663,helped,35
664,ready,35
665,As,35
666,luck,35
667,details,35
668,members,35
669,UnitedAirlines,35
670,compensation,35
671,original,35
672,theyre,35
673,means,35
674,allowed,35
675,gets,35
676,allow,35
677,hey,35
678,kind,35
679,companion,35
680,cause,34
681,Austin,34
682,high,34
683,One,34
684,C,34
685,purchase,34
686,pls,34
687,currently,34
688,set,34
689,lol,34
690,clothes,34
691,delivered,34
692,fact,34
693,seen,34
694,USAir,34
695,schedule,33
696,middle,33
697,inflight,33
698,share,33
699,running,33
700,Flightlation,33
701,gives,33
702,fare,33
703,Looking,33
704,glad,33
705,part,33
706,storm,33
707,employee,33
708,front,33
709,Tuesday,33
710,Orlando,33
711,cold,32
712,wish,32
713,Atlanta,32
714,giving,32
715,fun,32
716,cabin,32
717,several,32
718,rd,32
719,reps,32
720,Then,32
721,ppl,32
722,aircraft,32
723,weekend,32
724,top,32
725,sense,32
726,hate,32
727,losing,32
728,water,32
729,answering,31
730,Feb,31
731,rescheduled,31
732,land,31
733,gon,31
734,came,31
735,safety,31
736,southwest,31
737,Did,31
738,shit,31
739,Flights,31
740,word,31
741,explain,31
742,probably,31
743,TO,31
744,DEN,31
745,changing,31
746,Service,31
747,non,30
748,birthday,30
749,layover,30
750,TSA,30
751,takes,30
752,sad,30
753,afternoon,30
754,access,30
755,space,30
756,tix,30
757,overnight,30
758,knew,30
759,goes,30
760,jet,30
761,load,30
762,arrival,30
763,answers,30
764,fixed,30
765,multiple,30
766,crazy,30
767,country,29
768,MCO,29
769,media,29
770,completely,29
771,Terrible,29
772,super,29
773,Friday,29
774,keeps,29
775,inconvenience,29
776,ASAP,29
777,Should,29
778,complete,29
779,Oh,29
780,services,29
781,mine,29
782,works,29
783,confirm,29
784,okay,29
785,Unacceptable,29
786,phones,29
787,list,29
788,showing,29
789,ATL,29
790,sending,29
791,attitude,29
792,plan,29
793,USAirways,29
794,PLEASE,28
795,code,28
796,Pls,28
797,closed,28
798,r,28
799,report,28
800,Flt,28
801,husband,28
802,despite,28
803,course,28
804,MY,28
805,overhead,28
806,drop,28
807,matter,28
808,He,28
809,K,28
810,responding,28
811,dealing,28
812,control,28
813,RDU,28
814,Delta,28
815,treated,28
816,hasnt,28
817,relations,28
818,letter,28
819,yeah,28
820,Wall,28
821,Nice,27
822,flyer,27
823,page,27
824,ride,27
825,mobile,27
826,nonstop,27
827,depart,27
828,Who,27
829,area,27
830,bit,27
831,route,27
832,absolutely,27
833,round,27
834,evening,27
835,k,27
836,wo,27
837,anymore,27
838,read,27
839,winter,27
840,held,27
841,extremely,27
842,feedback,27
843,x,27
844,ME,27
845,Seriously,27
846,true,27
847,worries,27
848,seating,26
849,Or,26
850,TV,26
851,behind,26
852,small,26
853,spoke,26
854,child,26
855,submitted,26
856,Stuck,26
857,folks,26
858,dm,26
859,wonderful,26
860,vouchers,26
861,connect,26
862,worth,26
863,note,26
864,lounge,26
865,move,26
866,unable,26
867,letting,26
868,catch,26
869,priority,26
870,complaints,26
871,usairwaysfail,26
872,lines,26
873,hang,26
874,BNA,26
875,takeoff,25
876,wow,25
877,mind,25
878,shows,25
879,Sorry,25
880,watch,25
881,anyway,25
882,trouble,25
883,must,25
884,shes,25
885,LAS,25
886,totally,25
887,spend,25
888,Awesome,25
889,window,25
890,WTF,25
891,forced,25
892,Could,25
893,learn,25
894,saw,25
895,gates,25
896,knows,25
897,offering,25
898,lets,25
899,baby,25
900,failed,25
901,cover,25
902,mess,25
903,hangs,25
904,blue,25
905,jfk,24
906,kept,24
907,dropped,24
908,stuff,24
909,apparently,24
910,Keep,24
911,drink,24
912,frequent,24
913,happening,24
914,For,24
915,excellent,24
916,club,24
917,AND,24
918,started,24
919,others,24
920,sign,24
921,anywhere,24
922,arriving,24
923,Flightd,24
924,caused,24
925,resolved,24
926,Going,24
927,post,24
928,WORST,24
929,merger,24
930,Waiting,24
931,Finally,24
932,door,24
933,ice,24
934,explanation,24
935,funeral,24
936,entertainment,23
937,gone,23
938,win,23
939,four,23
940,assist,23
941,receive,23
942,choice,23
943,AmericanAirlines,23
944,twitter,23
945,itinerary,23
946,March,23
947,order,23
948,See,23
949,short,23
950,domestic,23
951,worked,23
952,daughter,23
953,moving,23
954,Too,23
955,mom,23
956,To,23
957,followed,23
958,updated,23
959,Where,23
960,airplane,23
961,Hopefully,23
962,ON,23
963,bumped,23
964,acceptable,23
965,Phoenix,23
966,meal,23
967,volume,23
968,warm,23
969,Virgin,22
970,select,22
971,current,22
972,traveler,22
973,Flying,22
974,Saturday,22
975,friendly,22
976,Every,22
977,notification,22
978,notice,22
979,center,22
980,emails,22
981,routes,22
982,mileage,22
983,receipt,22
984,UK,22
985,Hope,22
986,werent,22
987,regarding,22
988,resolve,22
989,concern,22
990,airports,22
991,advisory,22
992,onto,22
993,ruined,22
994,failure,22
995,damn,22
996,Does,22
997,screwed,22
998,Last,22
999,Missed,22
1000,talked,22
1001,social,22
1002,safe,22
1003,airways,22
1004,excited,21
1005,Club,21
1006,news,21
1007,video,21
1008,absolute,21
1009,expected,21
1010,story,21
1011,Lets,21
1012,bank,21
1013,Philadelphia,21
1014,man,21
1015,cut,21
1016,transfer,21
1017,security,21
1018,equipment,21
1019,unhelpful,21
1020,ua,21
1021,talking,21
1022,file,21
1023,keeping,21
1024,literally,21
1025,clear,21
1026,tells,21
1027,captain,21
1028,office,21
1029,single,21
1030,difference,21
1031,Weve,21
1032,answered,21
1033,excuse,21
1034,huge,21
1035,svc,21
1036,compensate,21
1037,zero,21
1038,tmrw,21
1039,party,21
1040,usairways,21
1041,added,20
1042,D,20
1043,lt,20
1044,match,20
1045,Seattle,20
1046,rock,20
1047,Tried,20
1048,useless,20
1049,upgrades,20
1050,special,20
1051,web,20
1052,NY,20
1053,ARE,20
1054,Next,20
1055,provided,20
1056,picked,20
1057,favorite,20
1058,Mexico,20
1059,nightmare,20
1060,actual,20
1061,son,20
1062,Am,20
1063,tired,20
1064,tag,20
1065,n,20
1066,Come,20
1067,flyers,20
1068,sick,20
1069,NEVER,20
1070,hell,20
1071,onboard,20
1072,bother,20
1073,Jet,20
1074,hanging,20
1075,kidding,20
1076,hopefully,20
1077,F,20
1078,close,20
1079,Street,20
1080,fares,19
1081,emailed,19
1082,iPhone,19
1083,count,19
1084,filed,19
1085,sort,19
1086,planned,19
1087,ones,19
1088,trips,19
1089,experienced,19
1090,avgeek,19
1091,meeting,19
1092,Diego,19
1093,travelers,19
1094,standing,19
1095,switched,19
1096,youll,19
1097,Everyone,19
1098,forgot,19
1099,unfortunately,19
1100,mistake,19
1101,questions,19
1102,refunded,19
1103,final,19
1104,touch,19
1105,THANK,19
1106,tho,19
1107,power,19
1108,ID,19
1109,departing,19
1110,badservice,19
1111,Didnt,19
1112,important,19
1113,fucking,19
1114,FOR,19
1115,choose,19
1116,catering,19
1117,broke,19
1118,Appreciate,19
1119,platinum,19
1120,sister,19
1121,callback,19
1122,Bad,19
1123,per,19
1124,department,19
1125,Makes,19
1126,tweeting,19
1127,Blue,19
1128,May,18
1129,Best,18
1130,tracking,18
1131,Looks,18
1132,mention,18
1133,along,18
1134,arrives,18
1135,youd,18
1136,requested,18
1137,charging,18
1138,suitcase,18
1139,Other,18
1140,representative,18
1141,rental,18
1142,waste,18
1143,likely,18
1144,WiFi,18
1145,refuse,18
1146,Even,18
1147,willing,18
1148,crossed,18
1149,unhappy,18
1150,Flightling,18
1151,usually,18
1152,nope,18
1153,delivery,18
1154,passes,18
1155,lady,18
1156,neveragain,18
1157,however,18
1158,denied,18
1159,etc,18
1160,angry,18
1161,personal,18
1162,listening,18
1163,impressed,18
1164,dollars,18
1165,engine,18
1166,Weather,18
1167,deliver,18
1168,Glad,18
1169,upgraded,18
1170,gotten,18
1171,refused,18
1172,view,18
1173,notified,18
1174,leaves,18
1175,With,18
1176,prices,18
1177,turned,18
1178,expensive,17
1179,Time,17
1180,music,17
1181,text,17
1182,midnight,17
1183,welcome,17
1184,purchased,17
1185,definitely,17
1186,expired,17
1187,LUV,17
1188,apologies,17
1189,Youve,17
1190,headed,17
1191,watching,17
1192,coffee,17
1193,hes,17
1194,wondering,17
1195,resolution,17
1196,slow,17
1197,continue,17
1198,accommodate,17
1199,total,17
1200,outside,17
1201,ahead,17
1202,attempt,17
1203,honor,17
1204,ways,17
1205,turn,17
1206,previous,17
1207,BS,17
1208,consider,17
1209,Plane,17
1210,major,17
1211,inside,17
1212,wasted,17
1213,exactly,17
1214,sell,17
1215,speaking,17
1216,gold,17
1217,freezing,17
1218,till,17
1219,visit,17
1220,funny,17
1221,bus,17
1222,level,17
1223,Over,17
1224,except,17
1225,cheap,17
1226,Kudos,17
1227,fair,17
1228,Hello,17
1229,children,17
1230,CS,17
1231,PM,17
1232,exit,17
1233,clearly,17
1234,patient,17
1235,haha,17
1236,appease,17
1237,dividend,17
1238,America,16
1239,program,16
1240,worry,16
1241,plz,16
1242,Oscars,16
1243,lax,16
1244,game,16
1245,enter,16
1246,E,16
1247,premium,16
1248,across,16
1249,damaged,16
1250,alone,16
1251,met,16
1252,item,16
1253,DMd,16
1254,faster,16
1255,PDX,16
1256,based,16
1257,event,16
1258,treatment,16
1259,sold,16
1260,promised,16
1261,lovely,16
1262,couple,16
1263,avail,16
1264,solution,16
1265,T,16
1266,Nothing,16
1267,starting,16
1268,carryon,16
1269,St,16
1270,suppose,16
1271,Platinum,16
1272,h,16
1273,rules,16
1274,training,16
1275,dept,16
1276,emergency,16
1277,train,16
1278,impossible,16
1279,numbers,16
1280,remember,16
1281,within,16
1282,diff,16
1283,lie,16
1284,quickly,16
1285,ta,16
1286,fit,16
1287,Big,16
1288,Stop,16
1289,screw,16
1290,fill,16
1291,FA,16
1292,policies,16
1293,More,16
1294,Tampa,16
1295,fast,16
1296,tweets,16
1297,SO,16
1298,handled,16
1299,safely,16
1300,Hoping,16
1301,conditions,16
1302,amount,16
1303,rate,16
1304,eventually,16
1305,crews,16
1306,type,16
1307,straight,16
1308,NC,16
1309,dfw,16
1310,systems,16
1311,FL,16
1312,Columbus,16
1313,battles,16
1314,Already,15
1315,eat,15
1316,Hawaii,15
1317,adding,15
1318,Yeah,15
1319,deals,15
1320,Lots,15
1321,cities,15
1322,infant,15
1323,Baggage,15
1324,Seems,15
1325,become,15
1326,accept,15
1327,additional,15
1328,Couldnt,15
1329,Yall,15
1330,serious,15
1331,auto,15
1332,intl,15
1333,coach,15
1334,funds,15
1335,Agent,15
1336,courtesy,15
1337,loaded,15
1338,clue,15
1339,shot,15
1340,overbooked,15
1341,avoid,15
1342,Florida,15
1343,woman,15
1344,redeem,15
1345,issued,15
1346,From,15
1347,fan,15
1348,IS,15
1349,pleasant,15
1350,patience,15
1351,possibly,15
1352,enjoy,15
1353,hire,15
1354,ruining,15
1355,known,15
1356,traffic,15
1357,reLate,15
1358,forever,15
1359,Some,15
1360,HOURS,15
1361,PBI,15
1362,words,15
1363,ended,15
1364,fantastic,15
1365,somewhere,15
1366,Journal,15
1367,clt,15
1368,aa,15
1369,MIA,14
1370,cross,14
1371,messed,14
1372,red,14
1373,EVER,14
1374,feet,14
1375,dog,14
1376,advise,14
1377,Logan,14
1378,April,14
1379,Gold,14
1380,finding,14
1381,school,14
1382,iPad,14
1383,Passbook,14
1384,Like,14
1385,luv,14
1386,trust,14
1387,improve,14
1388,hot,14
1389,drinks,14
1390,wan,14
1391,Sent,14
1392,bday,14
1393,stewardess,14
1394,BEST,14
1395,Wow,14
1396,low,14
1397,FYI,14
1398,items,14
1399,lots,14
1400,perfect,14
1401,advance,14
1402,driving,14
1403,filled,14
1404,badcustomerservice,14
1405,DMed,14
1406,announcement,14
1407,MileagePlus,14
1408,break,14
1409,delta,14
1410,pathetic,14
1411,characters,14
1412,Awful,14
1413,ontime,14
1414,Sure,14
1415,promise,14
1416,Way,14
1417,Lost,14
1418,Doesnt,14
1419,yo,14
1420,deserves,14
1421,incompetence,14
1422,disaster,14
1423,Ridiculous,14
1424,DIA,14
1425,contacting,14
1426,photo,14
1427,example,14
1428,About,14
1429,play,14
1430,blame,14
1431,prompt,14
1432,Apparently,14
1433,Has,14
1434,jetway,14
1435,Almost,14
1436,AGAIN,14
1437,surprise,14
1438,chances,14
1439,none,14
1440,act,14
1441,honest,14
1442,incompetent,14
1443,near,14
1444,five,14
1445,automatically,14
1446,btw,14
1447,Juan,14
1448,handling,14
1449,lies,14
1450,wasting,14
1451,corporate,14
1452,legroom,14
1453,Las,14
1454,wedding,14
1455,Wednesday,14
1456,dca,14
1457,IT,14
1458,bringing,14
1459,simply,14
1460,philly,14
1461,RR,14
1462,professional,14
1463,nearly,13
1464,Called,13
1465,posted,13
1466,Done,13
1467,DAL,13
1468,Sat,13
1469,asap,13
1470,disappointing,13
1471,Thursday,13
1472,concerned,13
1473,afford,13
1474,hand,13
1475,sooner,13
1476,Always,13
1477,YOUR,13
1478,Same,13
1479,Texas,13
1480,USA,13
1481,advantage,13
1482,fight,13
1483,contacted,13
1484,screen,13
1485,loved,13
1486,promo,13
1487,returned,13
1488,ball,13
1489,spending,13
1490,announced,13
1491,crap,13
1492,tv,13
1493,passbook,13
1494,OMG,13
1495,save,13
1496,alternate,13
1497,economy,13
1498,preferred,13
1499,third,13
1500,bird,13
1501,simple,13
1502,Fingers,13
1503,wonder,13
1504,conf,13
1505,Washington,13
1506,nobody,13
1507,Poor,13
1508,absurd,13
1509,carousel,13
1510,stopped,13
1511,Made,13
1512,delaying,13
1513,experiences,13
1514,showed,13
1515,OHare,13
1516,frm,13
1517,floor,13
1518,directly,13
1519,til,13
1520,head,13
1521,management,13
1522,complain,13
1523,public,13
1524,assigned,13
1525,originally,13
1526,London,13
1527,Flightation,13
1528,Lol,13
1529,msg,13
1530,double,13
1531,write,13
1532,Make,13
1533,aware,13
1534,officially,13
1535,surprised,13
1536,annoying,13
1537,crappy,13
1538,quality,13
1539,PR,13
1540,fuck,13
1541,cab,13
1542,realize,13
1543,disgusting,13
1544,prior,13
1545,often,13
1546,sleeping,13
1547,reroute,13
1548,departs,13
1549,clean,13
1550,print,13
1551,allowing,13
1552,apply,13
1553,SLC,13
1554,plenty,13
1555,especially,13
1556,OK,13
1557,snacks,13
1558,mad,13
1559,Sitting,13
1560,Wish,13
1561,informed,13
1562,apologize,13
1563,feature,13
1564,JB,13
1565,VX,12
1566,death,12
1567,side,12
1568,Website,12
1569,February,12
1570,song,12
1571,Congrats,12
1572,Airline,12
1573,biz,12
1574,recent,12
1575,SF,12
1576,fuel,12
1577,oscars,12
1578,track,12
1579,normal,12
1580,begin,12
1581,Because,12
1582,picture,12
1583,rescheduling,12
1584,todays,12
1585,Palm,12
1586,Class,12
1587,errors,12
1588,sfo,12
1589,Guess,12
1590,Missing,12
1591,York,12
1592,raise,12
1593,sharing,12
1594,pull,12
1595,mechanics,12
1596,truly,12
1597,military,12
1598,Again,12
1599,minor,12
1600,cheaper,12
1601,difficult,12
1602,seeing,12
1603,kudos,12
1604,properly,12
1605,dead,12
1606,responded,12
1607,Phone,12
1608,Flightations,12
1609,outlets,12
1610,exact,12
1611,easier,12
1612,Premier,12
1613,SEA,12
1614,killing,12
1615,Nope,12
1616,CC,12
1617,whose,12
1618,Huge,12
1619,manager,12
1620,reimbursed,12
1621,wet,12
1622,Unfortunately,12
1623,brother,12
1624,hearing,12
1625,watched,12
1626,respect,12
1627,higher,12
1628,providing,12
1629,obviously,12
1630,Once,12
1631,Told,12
1632,passed,12
1633,feeling,12
1634,guarantee,12
1635,roundtrip,12
1636,rest,12
1637,six,12
1638,hello,12
1639,usual,12
1640,push,12
1641,wheelchair,12
1642,listed,12
1643,Plus,12
1644,res,12
1645,specific,12
1646,FLT,12
1647,suggestions,12
1648,located,12
1649,Lauderdale,12
1650,Theyre,12
1651,figured,12
1652,Anything,12
1653,MDW,12
1654,contest,12
1655,TrueBlue,12
1656,JBLU,12
1657,locator,12
1658,opportunity,11
1659,NOW,11
1660,skies,11
1661,brand,11
1662,internet,11
1663,applied,11
1664,hands,11
1665,marketing,11
1666,Let,11
1667,step,11
1668,beautiful,11
1669,outstanding,11
1670,Dulles,11
1671,queue,11
1672,lame,11
1673,face,11
1674,smh,11
1675,fl,11
1676,SAN,11
1677,Paris,11
1678,messages,11
1679,Left,11
1680,Someone,11
1681,moment,11
1682,laptop,11
1683,tough,11
1684,mail,11
1685,timely,11
1686,wants,11
1687,pre,11
1688,unavailable,11
1689,incredibly,11
1690,SNA,11
1691,fails,11
1692,Super,11
1693,airfare,11
1694,yep,11
1695,California,11
1696,transferred,11
1697,inbound,11
1698,hotels,11
1699,FAIL,11
1700,Most,11
1701,unprofessional,11
1702,reimbursement,11
1703,hundreds,11
1704,computers,11
1705,looked,11
1706,Today,11
1707,discuss,11
1708,costs,11
1709,Check,11
1710,states,11
1711,JH,11
1712,frustration,11
1713,effort,11
1714,certainly,11
1715,rows,11
1716,Bag,11
1717,boards,11
1718,YYZ,11
1719,ticketed,11
1720,stand,11
1721,rerouted,11
1722,honeymoon,11
1723,certain,11
1724,main,11
1725,house,11
1726,Fail,11
1727,frozen,11
1728,Ever,11
1729,earn,11
1730,connected,11
1731,retrieve,11
1732,taxi,11
1733,PIT,11
1734,travels,11
1735,knowing,11
1736,c,11
1737,log,11
1738,heading,11
1739,expecting,11
1740,shuttle,11
1741,FAA,11
1742,dad,11
1743,credits,11
1744,causing,11
1745,piece,11
1746,vegas,11
1747,deplane,11
1748,discount,11
1749,meant,11
1750,weight,11
1751,loyalty,11
1752,Tell,11
1753,Miles,11
1754,South,11
1755,carrier,11
1756,planning,11
1757,interview,11
1758,unbelievable,11
1759,nothappy,11
1760,An,11
1761,cell,11
1762,Update,11
1763,nasty,11
1764,Rude,11
1765,August,11
1766,Go,11
1767,gear,11
1768,Me,11
1769,Cmon,11
1770,Buffalo,11
1771,SJU,11
1772,Jetblue,11
1773,Dividend,11
1774,among,10
1775,large,10
1776,carriers,10
1777,waive,10
1778,dirty,10
1779,meet,10
1780,bin,10
1781,Three,10
1782,tech,10
1783,precheck,10
1784,imagine,10
1785,Business,10
1786,CMH,10
1787,Springs,10
1788,LOVE,10
1789,somehow,10
1790,continues,10
1791,sweet,10
1792,Instead,10
1793,position,10
1794,Might,10
1795,brought,10
1796,Call,10
1797,Many,10
1798,earned,10
1799,Cheers,10
1800,payment,10
1801,method,10
1802,Happy,10
1803,model,10
1804,Portland,10
1805,ALL,10
1806,iOS,10
1807,commercial,10
1808,affected,10
1809,pair,10
1810,David,10
1811,partner,10
1812,thnx,10
1813,whos,10
1814,App,10
1815,By,10
1816,ZERO,10
1817,Heathrow,10
1818,easily,10
1819,Two,10
1820,LHR,10
1821,Want,10
1822,unitedairlines,10
1823,canned,10
1824,hostage,10
1825,Getting,10
1826,rooms,10
1827,claims,10
1828,doors,10
1829,disappointment,10
1830,unless,10
1831,feels,10
1832,Pilot,10
1833,Currently,10
1834,Yet,10
1835,Wed,10
1836,KP,10
1837,STL,10
1838,daughters,10
1839,Ugh,10
1840,These,10
1841,VERY,10
1842,pic,10
1843,announce,10
1844,wout,10
1845,otherwise,10
1846,International,10
1847,girl,10
1848,notifications,10
1849,yrs,10
1850,attention,10
1851,legs,10
1852,Horrible,10
1853,basically,10
1854,returning,10
1855,speed,10
1856,including,10
1857,pts,10
1858,dates,10
1859,suggest,10
1860,ONLY,10
1861,meals,10
1862,departed,10
1863,TY,10
1864,acct,10
1865,ewr,10
1866,garbage,10
1867,poorly,10
1868,BDL,10
1869,hit,10
1870,reasons,10
1871,value,10
1872,felt,10
1873,upcoming,10
1874,comes,10
1875,pissed,10
1876,dinner,10
1877,comp,10
1878,ass,10
1879,state,10
1880,limit,10
1881,notify,10
1882,Terminal,10
1883,explained,10
1884,shouldve,10
1885,personnel,10
1886,immediately,10
1887,Agents,10
1888,peanuts,10
1889,rent,10
1890,merge,10
1891,flts,10
1892,Traveling,10
1893,decision,10
1894,TPA,10
1895,somebody,10
1896,insane,10
1897,East,10
1898,lesson,10
1899,alert,10
1900,embarrassing,10
1901,prepared,10
1902,confused,10
1903,Y,10
1904,reward,10
1905,Fort,10
1906,ashamed,10
1907,rewards,10
1908,offers,10
1909,Fly,10
1910,south,10
1911,heart,10
1912,wifes,10
1913,sale,10
1914,compassion,10
1915,Dragons,10
1916,MKE,10
1917,balance,10
1918,Plz,10
1919,Haha,10
1920,fraud,10
1921,FOLLOW,10
1922,DO,9
1923,thinking,9
1924,p,9
1925,stress,9
1926,Cool,9
1927,chat,9
1928,ive,9
1929,Q,9
1930,bet,9
1931,uncomfortable,9
1932,complimentary,9
1933,Shame,9
1934,ran,9
1935,include,9
1936,jump,9
1937,reimburse,9
1938,SJC,9
1939,AMAZING,9
1940,sounds,9
1941,ABQ,9
1942,wtf,9
1943,X,9
1944,light,9
1945,positive,9
1946,degrees,9
1947,saving,9
1948,manage,9
1949,Flightly,9
1950,smooth,9
1951,AUS,9
1952,lap,9
1953,Of,9
1954,towards,9
1955,paper,9
1956,tea,9
1957,forcing,9
1958,sun,9
1959,seated,9
1960,toward,9
1961,industry,9
1962,medical,9
1963,Intl,9
1964,outbound,9
1965,elsewhere,9
1966,zone,9
1967,private,9
1968,meetings,9
1969,Okay,9
1970,valid,9
1971,local,9
1972,comment,9
1973,yea,9
1974,charges,9
1975,certificate,9
1976,existing,9
1977,generic,9
1978,Found,9
1979,Canada,9
1980,diverted,9
1981,unfriendlyskies,9
1982,responses,9
1983,appears,9
1984,walk,9
1985,consistent,9
1986,general,9
1987,Disappointed,9
1988,placed,9
1989,miserable,9
1990,mile,9
1991,Ok,9
1992,Cleveland,9
1993,seconds,9
1994,whatever,9
1995,steps,9
1996,reserve,9
1997,daily,9
1998,However,9
1999,id,9
2000,Her,9
2001,moms,9
2002,Reservation,9
2003,costumer,9
2004,reaching,9
2005,L,9
2006,Raleigh,9
2007,epicfail,9
2008,BUF,9
2009,deice,9
2010,workers,9
2011,truck,9
2012,PVD,9
2013,locate,9
2014,extended,9
2015,sight,9
2016,elite,9
2017,bathroom,9
2018,poorservice,9
2019,Conf,9
2020,departures,9
2021,fam,9
2022,million,9
2023,WITH,9
2024,shitty,9
2025,lied,9
2026,Much,9
2027,badly,9
2028,age,9
2029,young,9
2030,stated,9
2031,hook,9
2032,turns,9
2033,Anyone,9
2034,assignment,9
2035,MUCH,9
2036,although,9
2037,Long,9
2038,aviation,9
2039,Theres,9
2040,Hes,9
2041,cares,9
2042,golf,9
2043,accurate,9
2044,size,9
2045,None,9
2046,stick,9
2047,lower,9
2048,estimated,9
2049,RSW,9
2050,parents,9
2051,separate,9
2052,bonus,9
2053,initial,9
2054,Since,9
2055,rocks,9
2056,winners,9
2057,noticed,9
2058,TWO,9
2059,People,9
2060,NeverAgain,9
2061,snack,9
2062,Waterbury,9
2063,Republican,9
2064,Mint,9
2065,serving,9
2066,finish,9
2067,disconnects,9
2068,AAdvantage,9
2069,Must,8
2070,VA,8
2071,leading,8
2072,reserved,8
2073,expires,8
2074,agree,8
2075,shown,8
2076,worried,8
2077,student,8
2078,comfortable,8
2079,Francisco,8
2080,hiring,8
2081,Sad,8
2082,dc,8
2083,silver,8
2084,Daily,8
2085,Having,8
2086,sorted,8
2087,Crew,8
2088,inspired,8
2089,Seats,8
2090,Better,8
2091,surgery,8
2092,Shes,8
2093,paperwork,8
2094,partners,8
2095,rates,8
2096,Think,8
2097,tweeted,8
2098,pulling,8
2099,Cust,8
2100,rough,8
2101,PA,8
2102,penalty,8
2103,deicing,8
2104,January,8
2105,awards,8
2106,according,8
2107,charlotte,8
2108,inconvenient,8
2109,Australia,8
2110,OKC,8
2111,nights,8
2112,nuts,8
2113,appear,8
2114,REALLY,8
2115,stressful,8
2116,Booked,8
2117,heat,8
2118,hadnt,8
2119,curious,8
2120,doubt,8
2121,lands,8
2122,lbs,8
2123,required,8
2124,Cancun,8
2125,pax,8
2126,theyd,8
2127,premier,8
2128,Delays,8
2129,Follow,8
2130,wed,8
2131,considering,8
2132,apart,8
2133,served,8
2134,notcool,8
2135,spot,8
2136,membership,8
2137,Karen,8
2138,Reservations,8
2139,N,8
2140,signed,8
2141,repair,8
2142,Took,8
2143,cuz,8
2144,correctly,8
2145,Lufthansa,8
2146,replacement,8
2147,Asked,8
2148,hates,8
2149,buying,8
2150,article,8
2151,blog,8
2152,accommodations,8
2153,Wont,8
2154,result,8
2155,heres,8
2156,Flightst,8
2157,reasonable,8
2158,consistently,8
2159,global,8
2160,heads,8
2161,police,8
2162,ETA,8
2163,operated,8
2164,P,8
2165,WHERE,8
2166,switching,8
2167,Mileage,8
2168,bos,8
2169,UAL,8
2170,metal,8
2171,coat,8
2172,dumb,8
2173,disconnect,8
2174,ny,8
2175,LOL,8
2176,god,8
2177,drunk,8
2178,ord,8
2179,honestly,8
2180,slept,8
2181,handlers,8
2182,false,8
2183,Pay,8
2184,listen,8
2185,unitedsucks,8
2186,sound,8
2187,sky,8
2188,Memphis,8
2189,passport,8
2190,Rebooked,8
2191,ahold,8
2192,Perhaps,8
2193,standard,8
2194,accepting,8
2195,NJ,8
2196,concerns,8
2197,Especially,8
2198,mother,8
2199,incident,8
2200,fingers,8
2201,degree,8
2202,advice,8
2203,God,8
2204,phl,8
2205,freaking,8
2206,ha,8
2207,Line,8
2208,City,8
2209,IND,8
2210,pushed,8
2211,technical,8
2212,disgrace,8
2213,thoughts,8
2214,MSP,8
2215,living,8
2216,Team,8
2217,saved,8
2218,R,8
2219,american,8
2220,father,8
2221,practice,8
2222,shameful,8
2223,ripoff,8
2224,Puerto,8
2225,whether,8
2226,Pittsburgh,8
2227,shout,8
2228,THIS,8
2229,Travel,8
2230,accepted,8
2231,replying,8
2232,icy,8
2233,yelled,8
2234,Unbelievable,8
2235,Rock,8
2236,Media,8
2237,phx,8
2238,Jacksonville,8
2239,drove,8
2240,Alist,8
2241,CUN,8
2242,AT,8
2243,voice,8
2244,hunt,8
2245,EST,8
2246,Reagan,8
2247,stroller,8
2248,band,8
2249,lucky,8
2250,Imagine,8
2251,opening,8
2252,sunny,8
2253,nyc,8
2254,Credit,8
2255,IM,8
2256,selfie,8
2257,LAUREN,8
2258,snowing,8
2259,Beach,8
2260,transportation,8
2261,NJB,8
2262,Twice,8
2263,FlyFi,8
2264,profits,8
2265,admirals,8
2266,usair,8
2267,BA,8
2268,Seat,7
2269,prefer,7
2270,unused,7
2271,beat,7
2272,Status,7
2273,G,7
2274,remove,7
2275,exp,7
2276,sarcasm,7
2277,Waited,7
2278,wine,7
2279,Upgrade,7
2280,Mon,7
2281,ugh,7
2282,putting,7
2283,bug,7
2284,reset,7
2285,password,7
2286,purpose,7
2287,flier,7
2288,benefits,7
2289,revenue,7
2290,DTW,7
2291,dollar,7
2292,black,7
2293,destinations,7
2294,forget,7
2295,thankyou,7
2296,bins,7
2297,Silver,7
2298,YES,7
2299,shocked,7
2300,common,7
2301,shoes,7
2302,beginning,7
2303,clients,7
2304,existent,7
2305,upon,7
2306,STILL,7
2307,Care,7
2308,sincerely,7
2309,Said,7
2310,disappeared,7
2311,quite,7
2312,huh,7
2313,causes,7
2314,October,7
2315,vs,7
2316,Amazing,7
2317,FB,7
2318,coupon,7
2319,atl,7
2320,Louis,7
2321,client,7
2322,HORRIBLE,7
2323,atrocious,7
2324,blaming,7
2325,Wtf,7
2326,annoyed,7
2327,ripped,7
2328,walked,7
2329,split,7
2330,JP,7
2331,bunch,7
2332,period,7
2333,fleet,7
2334,traveled,7
2335,device,7
2336,assume,7
2337,requesting,7
2338,reference,7
2339,included,7
2340,itll,7
2341,wheres,7
2342,MSY,7
2343,location,7
2344,wallet,7
2345,cs,7
2346,damage,7
2347,abt,7
2348,Read,7
2349,Boarding,7
2350,HOUR,7
2351,forth,7
2352,ill,7
2353,ton,7
2354,playing,7
2355,strand,7
2356,English,7
2357,hassle,7
2358,IN,7
2359,Making,7
2360,released,7
2361,OF,7
2362,MCI,7
2363,rights,7
2364,limited,7
2365,breakfast,7
2366,copy,7
2367,theyll,7
2368,AFTER,7
2369,picking,7
2370,Group,7
2371,prob,7
2372,managed,7
2373,Stranded,7
2374,mech,7
2375,BAG,7
2376,solve,7
2377,den,7
2378,availability,7
2379,cleaned,7
2380,volunteer,7
2381,official,7
2382,holders,7
2383,idiots,7
2384,UR,7
2385,named,7
2386,suit,7
2387,click,7
2388,exceptional,7
2389,pending,7
2390,tire,7
2391,reading,7
2392,conference,7
2393,attend,7
2394,dream,7
2395,communicate,7
2396,perhaps,7
2397,ah,7
2398,stinks,7
2399,announcements,7
2400,belongings,7
2401,loses,7
2402,treating,7
2403,humans,7
2404,CLE,7
2405,serve,7
2406,unreal,7
2407,mark,7
2408,created,7
2409,decent,7
2410,fire,7
2411,beer,7
2412,disregard,7
2413,operations,7
2414,disappoint,7
2415,plastic,7
2416,useful,7
2417,eyes,7
2418,operating,7
2419,tkt,7
2420,Right,7
2421,names,7
2422,Used,7
2423,accounts,7
2424,horrendous,7
2425,procedure,7
2426,Safety,7
2427,Mia,7
2428,extension,7
2429,furious,7
2430,cart,7
2431,responsible,7
2432,approach,7
2433,troubles,7
2434,turning,7
2435,misplaced,7
2436,hungry,7
2437,biggest,7
2438,miami,7
2439,exchange,7
2440,cont,7
2441,tablet,7
2442,dying,7
2443,courteous,7
2444,understood,7
2445,compensated,7
2446,Ur,7
2447,Bought,7
2448,directed,7
2449,Rico,7
2450,ignoring,7
2451,wrote,7
2452,suggested,7
2453,term,7
2454,camera,7
2455,harder,7
2456,fresh,7
2457,realized,7
2458,RIC,7
2459,reported,7
2460,em,7
2461,Give,7
2462,cc,7
2463,alerts,7
2464,bf,7
2465,Paid,7
2466,Pathetic,7
2467,pricing,7
2468,Frustrating,7
2469,Birmingham,7
2470,west,7
2471,promotion,7
2472,Charleston,7
2473,throughout,7
2474,discounts,7
2475,Internet,7
2476,Completely,7
2477,noon,7
2478,OH,7
2479,Guys,7
2480,Day,7
2481,loss,7
2482,tsa,7
2483,Baltimore,7
2484,spoken,7
2485,Online,7
2486,learned,7
2487,resched,7
2488,receiving,7
2489,stupid,7
2490,summer,7
2491,cash,7
2492,dragons,7
2493,Social,7
2494,places,7
2495,ONE,7
2496,regular,7
2497,Nantucket,7
2498,HPN,7
2499,seeks,7
2500,flyingitforward,7
2501,News,7
2502,Bluemanity,7
2503,decide,7
2504,Offer,7
2505,chairman,7
2506,Chairman,7
2507,CTL,7
2508,suicide,6
2509,teens,6
2510,fabulous,6
2511,fully,6
2512,anytime,6
2513,impressive,6
2514,Bags,6
2515,interested,6
2516,BTW,6
2517,getaway,6
2518,oneway,6
2519,kicked,6
2520,bucks,6
2521,Priority,6
2522,Field,6
2523,license,6
2524,lga,6
2525,white,6
2526,Fuck,6
2527,shame,6
2528,nervous,6
2529,wheel,6
2530,virgin,6
2531,Atlantic,6
2532,barely,6
2533,turbulence,6
2534,Probably,6
2535,understanding,6
2536,central,6
2537,performance,6
2538,facing,6
2539,jacket,6
2540,recommend,6
2541,gift,6
2542,constant,6
2543,needing,6
2544,channels,6
2545,cards,6
2546,malfunction,6
2547,Jose,6
2548,opens,6
2549,Main,6
2550,Cabin,6
2551,incredible,6
2552,movie,6
2553,cousin,6
2554,manner,6
2555,ya,6
2556,search,6
2557,mistakes,6
2558,carrying,6
2559,Card,6
2560,OVER,6
2561,throwing,6
2562,guide,6
2563,scam,6
2564,enjoyed,6
2565,excuses,6
2566,December,6
2567,Wonder,6
2568,grounded,6
2569,hence,6
2570,operational,6
2571,responsibility,6
2572,writing,6
2573,bullshit,6
2574,stellar,6
2575,pocket,6
2576,prevent,6
2577,claimed,6
2578,monitor,6
2579,Delay,6
2580,spare,6
2581,efforts,6
2582,confusion,6
2583,Direct,6
2584,theyve,6
2585,Lounge,6
2586,YVR,6
2587,Canadian,6
2588,statement,6
2589,proper,6
2590,promises,6
2591,boyfriend,6
2592,prove,6
2593,Staff,6
2594,fucked,6
2595,ignored,6
2596,refuses,6
2597,driven,6
2598,choosing,6
2599,LIT,6
2600,Aspen,6
2601,overweight,6
2602,DMing,6
2603,boston,6
2604,deep,6
2605,deserve,6
2606,holder,6
2607,Stay,6
2608,peoples,6
2609,terribly,6
2610,AC,6
2611,loading,6
2612,Feel,6
2613,shopping,6
2614,Literally,6
2615,loving,6
2616,extend,6
2617,written,6
2618,BUT,6
2619,chair,6
2620,fixing,6
2621,worthless,6
2622,shut,6
2623,suggestion,6
2624,transaction,6
2625,BER,6
2626,replacing,6
2627,humor,6
2628,Arrived,6
2629,GRR,6
2630,hilarious,6
2631,KTN,6
2632,Sending,6
2633,GF,6
2634,Tues,6
2635,CSR,6
2636,lazy,6
2637,wu,6
2638,parked,6
2639,desperately,6
2640,girlfriend,6
2641,exception,6
2642,programs,6
2643,hurt,6
2644,Bay,6
2645,OR,6
2646,bummer,6
2647,accountability,6
2648,concourse,6
2649,trapped,6
2650,houston,6
2651,updating,6
2652,pushing,6
2653,sometime,6
2654,whenever,6
2655,bs,6
2656,PLANE,6
2657,Phl,6
2658,disgusted,6
2659,continuing,6
2660,tomorrows,6
2661,itineraries,6
2662,journey,6
2663,Star,6
2664,Out,6
2665,Everything,6
2666,Albany,6
2667,Detroit,6
2668,designed,6
2669,routing,6
2670,addressed,6
2671,Wait,6
2672,submit,6
2673,unitedfail,6
2674,families,6
2675,cutting,6
2676,HNL,6
2677,cxl,6
2678,FF,6
2679,sadly,6
2680,Spoke,6
2681,Both,6
2682,extreme,6
2683,similar,6
2684,Us,6
2685,Dragon,6
2686,sons,6
2687,JAX,6
2688,formal,6
2689,Be,6
2690,ROC,6
2691,Home,6
2692,STOP,6
2693,roads,6
2694,history,6
2695,recently,6
2696,document,6
2697,Friendly,6
2698,decided,6
2699,charity,6
2700,guitar,6
2701,locations,6
2702,Leaving,6
2703,Unable,6
2704,John,6
2705,M,6
2706,bump,6
2707,painful,6
2708,warning,6
2709,chicago,6
2710,Winter,6
2711,wheels,6
2712,June,6
2713,Ticket,6
2714,lying,6
2715,expire,6
2716,fans,6
2717,costing,6
2718,lifetime,6
2719,Sounds,6
2720,maint,6
2721,continued,6
2722,die,6
2723,rapid,6
2724,opened,6
2725,progress,6
2726,estimate,6
2727,SERVICE,6
2728,heavy,6
2729,BACK,6
2730,desks,6
2731,forgetting,6
2732,crash,6
2733,toddler,6
2734,JT,6
2735,shortly,6
2736,understandable,6
2737,scale,6
2738,blah,6
2739,Hartford,6
2740,THANKS,6
2741,actions,6
2742,earth,6
2743,Jan,6
2744,couldve,6
2745,ft,6
2746,technically,6
2747,Those,6
2748,refunds,6
2749,success,6
2750,Confirmation,6
2751,dropping,6
2752,Apple,6
2753,World,6
2754,fell,6
2755,unreliable,6
2756,bae,6
2757,scavenger,6
2758,Terry,6
2759,Midway,6
2760,Oakland,6
2761,arrangements,6
2762,enroute,6
2763,Preferred,6
2764,fired,6
2765,Companion,6
2766,credited,6
2767,CA,6
2768,Pass,6
2769,ring,6
2770,Hour,6
2771,wouldve,6
2772,BAD,6
2773,Kelly,6
2774,destinationdragons,6
2775,machine,6
2776,accommodating,6
2777,nearby,6
2778,RUDE,6
2779,college,6
2780,Costa,6
2781,Rica,6
2782,fll,6
2783,SMH,6
2784,Disney,6
2785,dealt,6
2786,trueblue,6
2787,join,6
2788,stole,6
2789,THAT,6
2790,Cuba,6
2791,Enjoy,6
2792,Nah,6
2793,chairs,6
2794,mint,6
2795,perks,6
2796,asleep,6
2797,Access,6
2798,Corporation,6
2799,chaos,6
2800,Summer,6
2801,starts,6
2802,birds,6
2803,AIRWAYS,6
2804,agency,6
2805,backs,6
2806,Look,6
2807,merged,6
2808,key,6
2809,usairwayssucks,6
2810,filmcrew,6
2811,commercials,5
2812,recourse,5
2813,eye,5
2814,Such,5
2815,operation,5
2816,awaiting,5
2817,Elevate,5
2818,stat,5
2819,Lady,5
2820,winning,5
2821,bill,5
2822,shared,5
2823,boy,5
2824,design,5
2825,secure,5
2826,failing,5
2827,cake,5
2828,Web,5
2829,andor,5
2830,button,5
2831,congrats,5
2832,Havent,5
2833,ability,5
2834,dancing,5
2835,scared,5
2836,sec,5
2837,Sweet,5
2838,assaulted,5
2839,Luggage,5
2840,girls,5
2841,results,5
2842,selected,5
2843,fav,5
2844,profit,5
2845,application,5
2846,inappropriate,5
2847,flies,5
2848,superior,5
2849,Year,5
2850,Grandma,5
2851,greeting,5
2852,Eastern,5
2853,deserved,5
2854,FINALLY,5
2855,sucked,5
2856,bumping,5
2857,Europe,5
2858,ABC,5
2859,Dear,5
2860,express,5
2861,popular,5
2862,accident,5
2863,weak,5
2864,September,5
2865,thankfully,5
2866,illegal,5
2867,removal,5
2868,Cessnas,5
2869,requires,5
2870,HAVE,5
2871,bothered,5
2872,Second,5
2873,crashed,5
2874,negotiate,5
2875,Supposed,5
2876,scheduling,5
2877,shocking,5
2878,disrespect,5
2879,July,5
2880,whoever,5
2881,property,5
2882,Luckily,5
2883,China,5
2884,DMs,5
2885,HUMAN,5
2886,Each,5
2887,action,5
2888,POS,5
2889,unfortunate,5
2890,spread,5
2891,constantly,5
2892,wks,5
2893,vacations,5
2894,appropriate,5
2895,highly,5
2896,bar,5
2897,helps,5
2898,Checked,5
2899,falling,5
2900,impact,5
2901,rectify,5
2902,scan,5
2903,thinks,5
2904,Case,5
2905,finest,5
2906,closest,5
2907,unnecessary,5
2908,carseat,5
2909,PJs,5
2910,ensure,5
2911,flat,5
2912,chicken,5
2913,EY,5
2914,reserv,5
2915,gross,5
2916,inadequate,5
2917,stolen,5
2918,nonsense,5
2919,fits,5
2920,hubby,5
2921,poorcustomerservice,5
2922,glitch,5
2923,truth,5
2924,someones,5
2925,typical,5
2926,TWICE,5
2927,Fix,5
2928,cute,5
2929,kindness,5
2930,beauty,5
2931,Hold,5
2932,hm,5
2933,foot,5
2934,advertise,5
2935,confirming,5
2936,UP,5
2937,forces,5
2938,Unreal,5
2939,understaffed,5
2940,feb,5
2941,SUCK,5
2942,Problem,5
2943,dry,5
2944,assign,5
2945,solved,5
2946,notes,5
2947,pleased,5
2948,cry,5
2949,epic,5
2950,Lisa,5
2951,Wifi,5
2952,wearing,5
2953,freq,5
2954,lousy,5
2955,Program,5
2956,pleasure,5
2957,ads,5
2958,snowy,5
2959,dozen,5
2960,catching,5
2961,tone,5
2962,reconsider,5
2963,worstairlineever,5
2964,valuable,5
2965,pretzels,5
2966,legal,5
2967,advertising,5
2968,sincere,5
2969,contract,5
2970,memories,5
2971,crying,5
2972,ski,5
2973,circumstances,5
2974,reliable,5
2975,organization,5
2976,tail,5
2977,Miss,5
2978,efficiency,5
2979,ideas,5
2980,wall,5
2981,Philippines,5
2982,aisle,5
2983,Number,5
2984,numerous,5
2985,relationship,5
2986,green,5
2987,present,5
2988,Elite,5
2989,tiny,5
2990,Disappointing,5
2991,proof,5
2992,deplaned,5
2993,las,5
2994,crashing,5
2995,texts,5
2996,cluster,5
2997,Off,5
2998,appalled,5
2999,notch,5
3000,logged,5
3001,occurred,5
3002,screwing,5
3003,Incredibly,5
3004,Alliance,5
3005,enjoying,5
3006,particularly,5
3007,pricey,5
3008,pulled,5
3009,layovers,5
3010,trained,5
3011,sits,5
3012,NH,5
3013,unknown,5
3014,operate,5
3015,ramp,5
3016,alright,5
3017,matters,5
3018,Isnt,5
3019,hardly,5
3020,download,5
3021,operator,5
3022,fiasco,5
3023,Global,5
3024,SUCKS,5
3025,Wife,5
3026,weird,5
3027,define,5
3028,pain,5
3029,Excited,5
3030,everyones,5
3031,closer,5
3032,Belize,5
3033,blamed,5
3034,remains,5
3035,stood,5
3036,commitment,5
3037,JUST,5
3038,FLIGHT,5
3039,Orleans,5
3040,map,5
3041,sales,5
3042,smile,5
3043,skills,5
3044,software,5
3045,Total,5
3046,besides,5
3047,overall,5
3048,Wasnt,5
3049,fliers,5
3050,Bahamas,5
3051,teach,5
3052,Went,5
3053,inches,5
3054,Thinking,5
3055,consideration,5
3056,race,5
3057,walking,5
3058,mco,5
3059,Snow,5
3060,bankrupt,5
3061,basic,5
3062,folder,5
3063,tight,5
3064,clarification,5
3065,embarrassed,5
3066,belt,5
3067,transport,5
3068,repeat,5
3069,lavatory,5
3070,necessary,5
3071,wind,5
3072,Totally,5
3073,LaGuardia,5
3074,table,5
3075,box,5
3076,WTH,5
3077,facebook,5
3078,inexcusable,5
3079,dest,5
3080,buffalo,5
3081,cleared,5
3082,downgrade,5
3083,smiling,5
3084,West,5
3085,admit,5
3086,coast,5
3087,review,5
3088,yesterdays,5
3089,owe,5
3090,Flew,5
3091,customs,5
3092,GJ,5
3093,follows,5
3094,subpar,5
3095,Take,5
3096,communications,5
3097,nonexistent,5
3098,toilet,5
3099,packed,5
3100,en,5
3101,provider,5
3102,Ft,5
3103,died,5
3104,feed,5
3105,lives,5
3106,yup,5
3107,benefit,5
3108,Landed,5
3109,indeed,5
3110,Supervisor,5
3111,Nexus,5
3112,thousands,5
3113,xx,5
3114,speedy,5
3115,Despite,5
3116,Yay,5
3117,thankful,5
3118,dime,5
3119,kid,5
3120,hitting,5
3121,Step,5
3122,firstclass,5
3123,wanting,5
3124,Spent,5
3125,de,5
3126,Mother,5
3127,IVR,5
3128,southwestairlines,5
3129,rule,5
3130,IF,5
3131,injury,5
3132,parking,5
3133,Luv,5
3134,sites,5
3135,WIFI,5
3136,hopeful,5
3137,AUG,5
3138,heavily,5
3139,S,5
3140,conversation,5
3141,offices,5
3142,loves,5
3143,conflicting,5
3144,swa,5
3145,Indy,5
3146,cup,5
3147,loose,5
3148,Early,5
3149,heck,5
3150,ticketing,5
3151,lunch,5
3152,anxious,5
3153,GO,5
3154,VEGAS,5
3155,Gary,5
3156,fall,5
3157,atlanta,5
3158,Support,5
3159,kiosks,5
3160,TIME,5
3161,Savannah,5
3162,anticipate,5
3163,evaluate,5
3164,involved,5
3165,Plat,5
3166,flyfi,5
3167,Vieques,5
3168,Btw,5
3169,System,5
3170,backup,5
3171,kill,5
3172,Yep,5
3173,SXM,5
3174,waiver,5
3175,High,5
3176,Digital,5
3177,Admirals,5
3178,insult,5
3179,livery,5
3180,bottles,5
3181,Mr,5
3182,Know,5
3183,shoutout,5
3184,Alaska,5
3185,MORE,5
3186,Aww,5
3187,JVMChat,5
3188,USAIR,5
3189,sympathy,5
3190,Exec,5
3191,women,5
3192,mia,5
3193,onhold,5
3194,exec,5
3195,vile,5
3196,logistics,5
3197,assult,5
3198,guests,4
3199,Without,4
3200,elevate,4
3201,headphones,4
3202,touchdown,4
3203,rain,4
3204,loads,4
3205,Whenever,4
3206,interesting,4
3207,redirected,4
3208,user,4
3209,desktop,4
3210,unexpected,4
3211,plain,4
3212,version,4
3213,CheapFlights,4
3214,FareCompare,4
3215,representatives,4
3216,register,4
3217,ROCK,4
3218,comfort,4
3219,globe,4
3220,destroyed,4
3221,market,4
3222,PSP,4
3223,pressure,4
3224,Row,4
3225,clicking,4
3226,Lax,4
3227,blasting,4
3228,severely,4
3229,beats,4
3230,expectations,4
3231,Santa,4
3232,Grand,4
3233,Boo,4
3234,refunding,4
3235,TODAY,4
3236,Adds,4
3237,salt,4
3238,regulation,4
3239,ordered,4
3240,consecutive,4
3241,Funny,4
3242,increased,4
3243,competition,4
3244,SOS,4
3245,temperature,4
3246,tonite,4
3247,bound,4
3248,mentioned,4
3249,mood,4
3250,embossed,4
3251,badges,4
3252,patches,4
3253,standards,4
3254,Ellas,4
3255,fat,4
3256,cue,4
3257,omg,4
3258,road,4
3259,exist,4
3260,requirement,4
3261,develop,4
3262,Mobile,4
3263,kinda,4
3264,cheese,4
3265,classy,4
3266,strong,4
3267,pLate,4
3268,haul,4
3269,recieved,4
3270,hooked,4
3271,law,4
3272,emailing,4
3273,jan,4
3274,debacle,4
3275,caring,4
3276,trusted,4
3277,iah,4
3278,touched,4
3279,addition,4
3280,preboard,4
3281,brain,4
3282,apps,4
3283,silly,4
3284,negligence,4
3285,coats,4
3286,Taking,4
3287,skis,4
3288,faith,4
3289,continually,4
3290,ref,4
3291,severe,4
3292,confident,4
3293,horrid,4
3294,lostluggage,4
3295,various,4
3296,Definitely,4
3297,compliment,4
3298,pays,4
3299,WHY,4
3300,UNITED,4
3301,KN,4
3302,Fran,4
3303,regret,4
3304,Manchester,4
3305,encountered,4
3306,Delhi,4
3307,thin,4
3308,happily,4
3309,strangers,4
3310,nah,4
3311,Pretty,4
3312,overbook,4
3313,teams,4
3314,sched,4
3315,manually,4
3316,tags,4
3317,friendlyskies,4
3318,bed,4
3319,quiet,4
3320,ends,4
3321,reminder,4
3322,devices,4
3323,failures,4
3324,norm,4
3325,Madrid,4
3326,reports,4
3327,OGG,4
3328,clothing,4
3329,randomly,4
3330,caught,4
3331,attached,4
3332,connector,4
3333,shall,4
3334,incur,4
3335,assuming,4
3336,resume,4
3337,rarely,4
3338,claiming,4
3339,AN,4
3340,Extremely,4
3341,Lake,4
3342,theworst,4
3343,Rather,4
3344,ORF,4
3345,enquires,4
3346,understatement,4
3347,Loved,4
3348,Robin,4
3349,hosting,4
3350,MEX,4
3351,NRT,4
3352,ten,4
3353,practical,4
3354,puts,4
3355,bridge,4
3356,confusing,4
3357,Held,4
3358,unfriendly,4
3359,Understood,4
3360,cleaning,4
3361,DELAY,4
3362,CANT,4
3363,segment,4
3364,searching,4
3365,nite,4
3366,Frankfurt,4
3367,irritated,4
3368,ual,4
3369,hanger,4
3370,robotic,4
3371,deck,4
3372,rsw,4
3373,Due,4
3374,ReFlight,4
3375,acknowledge,4
3376,DOT,4
3377,Explorer,4
3378,efficient,4
3379,definition,4
3380,wake,4
3381,newark,4
3382,jacked,4
3383,jobs,4
3384,restore,4
3385,Singapore,4
3386,dreams,4
3387,attempting,4
3388,worker,4
3389,Toronto,4
3390,strategy,4
3391,segments,4
3392,travelling,4
3393,Bogota,4
3394,CALL,4
3395,describe,4
3396,Ua,4
3397,Hung,4
3398,BHM,4
3399,Albuquerque,4
3400,strikes,4
3401,planet,4
3402,HDN,4
3403,dark,4
3404,origin,4
3405,ANA,4
3406,replace,4
3407,breaking,4
3408,SHV,4
3409,STT,4
3410,ATC,4
3411,kiosk,4
3412,ad,4
3413,continuous,4
3414,Full,4
3415,Chi,4
3416,Ps,4
3417,TVs,4
3418,carryons,4
3419,Norfolk,4
3420,stranding,4
3421,Says,4
3422,Tucson,4
3423,notifying,4
3424,Capt,4
3425,Train,4
3426,Uh,4
3427,self,4
3428,BadCustomerService,4
3429,redeemed,4
3430,CVG,4
3431,deleted,4
3432,staffed,4
3433,Anthony,4
3434,snowboard,4
3435,Honolulu,4
3436,Sacramento,4
3437,arranged,4
3438,Handled,4
3439,deiced,4
3440,Real,4
3441,quicker,4
3442,BE,4
3443,cranky,4
3444,mths,4
3445,BC,4
3446,accidentally,4
3447,tonights,4
3448,GREAT,4
3449,proud,4
3450,pillows,4
3451,ladies,4
3452,orig,4
3453,operators,4
3454,Which,4
3455,Calgary,4
3456,approve,4
3457,ship,4
3458,halfway,4
3459,texted,4
3460,reminded,4
3461,collection,4
3462,pen,4
3463,responds,4
3464,ages,4
3465,DAY,4
3466,FRA,4
3467,normally,4
3468,trash,4
3469,aboard,4
3470,executive,4
3471,Traveled,4
3472,Friend,4
3473,threatened,4
3474,mid,4
3475,Zero,4
3476,Hate,4
3477,Heres,4
3478,cruise,4
3479,inefficient,4
3480,favor,4
3481,cramped,4
3482,awkward,4
3483,detail,4
3484,forgive,4
3485,NewYork,4
3486,smoothly,4
3487,becoming,4
3488,Thomas,4
3489,seemed,4
3490,elses,4
3491,ignore,4
3492,Rapid,4
3493,alliance,4
3494,FC,4
3495,disgraceful,4
3496,remote,4
3497,insulting,4
3498,HA,4
3499,marks,4
3500,twelve,4
3501,Ohare,4
3502,Wheres,4
3503,combine,4
3504,Express,4
3505,Although,4
3506,recording,4
3507,functioning,4
3508,login,4
3509,played,4
3510,pile,4
3511,jets,4
3512,patiently,4
3513,chocoLate,4
3514,Jeff,4
3515,chill,4
3516,tray,4
3517,donation,4
3518,ThankYou,4
3519,everytime,4
3520,galley,4
3521,massive,4
3522,alive,4
3523,nocustomerservice,4
3524,Except,4
3525,dial,4
3526,accordingly,4
3527,Yup,4
3528,duty,4
3529,driver,4
3530,fave,4
3531,Den,4
3532,anniversary,4
3533,Learn,4
3534,Problemss,4
3535,dpt,4
3536,average,4
3537,expedited,4
3538,refundable,4
3539,hide,4
3540,magic,4
3541,Admiral,4
3542,Filled,4
3543,experiencing,4
3544,considered,4
3545,customerservicefail,4
3546,survey,4
3547,alot,4
3548,Save,4
3549,SOP,4
3550,pet,4
3551,Four,4
3552,entering,4
3553,Theyve,4
3554,boss,4
3555,menu,4
3556,incorrect,4
3557,storms,4
3558,ph,4
3559,sayin,4
3560,custserv,4
3561,messaged,4
3562,tab,4
3563,incorrectly,4
3564,dep,4
3565,equally,4
3566,timed,4
3567,Punta,4
3568,Cana,4
3569,linked,4
3570,rushed,4
3571,treats,4
3572,selection,4
3573,unaware,4
3574,boys,4
3575,cancun,4
3576,headache,4
3577,corrected,4
3578,Sydney,4
3579,pref,4
3580,sticking,4
3581,neither,4
3582,Alright,4
3583,Answer,4
3584,Fantastic,4
3585,cats,4
3586,approved,4
3587,movies,4
3588,Boeing,4
3589,screens,4
3590,odd,4
3591,Send,4
3592,hoped,4
3593,comments,4
3594,precious,4
3595,locked,4
3596,fortunately,4
3597,honored,4
3598,dang,4
3599,federal,4
3600,passing,4
3601,clubs,4
3602,magazine,4
3603,Put,4
3604,internal,4
3605,Hours,4
3606,greatservice,4
3607,Excellent,4
3608,staying,4
3609,Things,4
3610,memphis,4
3611,cheated,4
3612,rudeness,4
3613,OUT,4
3614,entirely,4
3615,Power,4
3616,Live,4
3617,nicer,4
3618,Laguardia,4
3619,packages,4
3620,Brutal,4
3621,Rewards,4
3622,proceed,4
3623,data,4
3624,worstcustomerservice,4
3625,Received,4
3626,clever,4
3627,allows,4
3628,husbands,4
3629,Black,4
3630,temp,4
3631,profile,4
3632,streaming,4
3633,personally,4
3634,waits,4
3635,hero,4
3636,signal,4
3637,grateful,4
3638,reflect,4
3639,Antonio,4
3640,interaction,4
3641,mission,4
3642,Bos,4
3643,Calling,4
3644,Daytona,4
3645,signs,4
3646,md,4
3647,Anniversary,4
3648,RedCarpet,4
3649,bwi,4
3650,aka,4
3651,FOUR,4
3652,telephone,4
3653,sometimes,4
3654,color,4
3655,elderly,4
3656,officer,4
3657,Jamaica,4
3658,nolove,4
3659,Hire,4
3660,battery,4
3661,holdup,4
3662,Omaha,4
3663,male,4
3664,November,4
3665,maiden,4
3666,Spirit,4
3667,Spring,4
3668,servicing,4
3669,KC,4
3670,hv,4
3671,HOU,4
3672,Indianapolis,4
3673,disrespectful,4
3674,LOST,4
3675,WinterWeather,4
3676,Being,4
3677,Louisville,4
3678,gr,4
3679,Sun,4
3680,Passengers,4
3681,Open,4
3682,stories,4
3683,printed,4
3684,crowd,4
3685,steal,4
3686,Amex,4
3687,responsive,4
3688,rid,4
3689,videos,4
3690,bestairline,4
3691,sw,4
3692,recovery,4
3693,wknd,4
3694,airplanes,4
3695,kicking,4
3696,guest,4
3697,NEED,4
3698,require,4
3699,GOD,4
3700,yay,4
3701,lead,4
3702,Thought,4
3703,behavior,4
3704,letters,4
3705,unlike,4
3706,tryin,4
3707,film,4
3708,DSM,4
3709,create,4
3710,Heard,4
3711,messing,4
3712,BTV,4
3713,deplorable,4
3714,companies,4
3715,madness,4
3716,deny,4
3717,MEM,4
3718,Nassau,4
3719,gladly,4
3720,glass,4
3721,idk,4
3722,odds,4
3723,mosaic,4
3724,Considering,4
3725,serv,4
3726,Tx,4
3727,goodwill,4
3728,brandmance,4
3729,yest,4
3730,inform,4
3731,gorgeous,4
3732,Top,4
3733,Issue,4
3734,LET,4
3735,Unprofessional,4
3736,release,4
3737,Haiti,4
3738,van,4
3739,InFlight,4
3740,wyou,4
3741,seven,4
3742,hopes,4
3743,choices,4
3744,dissatisfied,4
3745,significant,4
3746,fed,4
3747,nvr,4
3748,Italy,4
3749,FlyingItForward,4
3750,Marie,4
3751,Short,4
3752,Interest,4
3753,Truly,4
3754,Request,4
3755,anybody,4
3756,meaning,4
3757,getittogether,4
3758,Sadly,4
3759,gas,4
3760,picks,4
3761,frustrations,4
3762,plat,4
3763,inconvenienced,4
3764,merging,4
3765,drunks,4
3766,Sabre,4
3767,KPHL,4
3768,fear,4
3769,selling,4
3770,crackers,4
3771,Youll,4
3772,DoBetter,4
3773,chose,4
3774,CR,4
3775,Jeanine,4
3776,Choice,4
3777,meds,4
3778,Reminder,4
3779,ho,4
3780,dallas,4
3781,cot,4
3782,thenewamerican,4
3783,photos,4
3784,rampers,4
3785,sexual,4
3786,Barbados,4
3787,EP,4
3788,revs,4
3789,understaffing,4
